{"count":1,"self":1564.7030272,"total":7598.6553552,"children":{"InitializeActuators":{"count":1,"self":0.0040003999999999994,"total":0.0040003999999999994,"children":null},"InitializeSensors":{"count":1,"self":0.0030007999999999996,"total":0.0030007999999999996,"children":null},"AgentSendState":{"count":2502017,"self":30.1698912,"total":65.4071775,"children":{"CollectObservations":{"count":500404,"self":5.017944,"total":5.0179439,"children":null},"WriteActionMask":{"count":500404,"self":2.2728224,"total":2.2728223,"children":null},"RequestDecision":{"count":500404,"self":7.9047487999999992,"total":27.94652,"children":{"AgentInfo.ToProto":{"count":500404,"self":8.6535008,"total":20.0417712,"children":{"GenerateSensorData":{"count":500404,"self":11.3882704,"total":11.388270499999999,"children":null}}}}}}},"DecideAction":{"count":2502017,"self":5934.0546048,"total":5934.054757,"children":null},"AgentAct":{"count":2502017,"self":34.3551712,"total":34.482382799999996,"children":{"AgentInfo.ToProto":{"count":2884,"self":0.0578889,"total":0.1272105,"children":{"GenerateSensorData":{"count":2884,"self":0.0693216,"total":0.0693216,"children":null}}}}}},"gauges":{"Escalador.CumulativeReward":{"count":2884,"max":0.965000033,"min":-16.0352745,"runningAverage":-0.405892551,"value":0.420000374,"weightedAverage":-2.26499176}},"metadata":{"timer_format_version":"0.1.0","start_time_seconds":"1668372577","unity_version":"2021.3.4f1","command_line_arguments":"C:\\Program Files\\Unity\\Hub\\Editor\\2021.3.4f1\\Editor\\Unity.exe -projectpath C:\\Users\\hmuno\\Downloads\\Inteligencia_Artificial -useHub -hubIPC -cloudEnvironment production -licensingIpc LicenseClient-hmuno -hubSessionId 0fa3df30-62af-11ed-a0ac-c54d62cfe288","communication_protocol_version":"1.5.0","com.unity.ml-agents_version":"2.3.0-exp.2","scene_name":"Examen3","end_time_seconds":"1668380175"}}