{"count":1,"self":150767.8486528,"total":153071.6344277,"children":{"InitializeActuators":{"count":4,"self":0.0040006999999999994,"total":0.0040006999999999994,"children":null},"InitializeSensors":{"count":4,"self":0.0079901,"total":0.0079901,"children":null},"AgentSendState":{"count":1852372,"self":124.0685056,"total":186.2122016,"children":{"CollectObservations":{"count":1481900,"self":25.2683008,"total":25.2683002,"children":null},"WriteActionMask":{"count":1481900,"self":7.5293344,"total":7.5293342,"children":null},"RequestDecision":{"count":1481900,"self":21.9963952,"total":29.346063299999997,"children":{"RayPerceptionSensor.Perceive":{"count":740950,"self":7.3496679999999994,"total":7.3496682999999994,"children":null}}}}},"DecideAction":{"count":1852372,"self":2023.8559232,"total":2045.4530287999999,"children":{"RayPerceptionSensor.Perceive":{"count":740950,"self":21.597096,"total":21.597096699999998,"children":null}}},"AgentAct":{"count":1852372,"self":72.103456,"total":72.1034567,"children":null}},"gauges":{"Player.CumulativeReward":{"count":2501,"max":11.2819824,"min":-2.717024,"runningAverage":-0.7030454,"value":-1.67399466,"weightedAverage":-0.9619835},"Dungeon.CumulativeReward":{"count":2339,"max":13.2588787,"min":-1.94899118,"runningAverage":0.0141445789,"value":-1.22400033,"weightedAverage":0.176808625}},"metadata":{"timer_format_version":"0.1.0","start_time_seconds":"1670191041","unity_version":"2021.3.4f1","command_line_arguments":"C:\\Program Files\\Unity\\Hub\\Editor\\2021.3.4f1\\Editor\\Unity.exe -projectpath C:\\Users\\hmuno\\Downloads\\Inteligencia_Artificial -useHub -hubIPC -cloudEnvironment production -licensingIpc LicenseClient-hmuno -hubSessionId 3af74ae0-7179-11ed-ba77-87ba683a4459","communication_protocol_version":"1.5.0","com.unity.ml-agents_version":"2.3.0-exp.2","scene_name":"ProyectoFinal","end_time_seconds":"1670344113"}}